File,Last Name,First Name,Street Address 1,Street Address 2,City,State,Zip Code,Phone,Email,License Number,License Status,Company Domain,Company,Full Name,County,Issue Date,Expiration Date,Fax Number,DBA Name
http://search.msboc.us/Detail.cfm?ContractorID=28173&ContractorType=Commercial&varDataSource=BOC,,,P.O. BOX 116,,ELLISVILLE,MS,39437,601-297-4920,,22500-MC,,,"3D MECHANICAL, ELECTRICAL AND PLUMBING, LLC",WILLIAM FARRISH,JONES,11/15/2017,11/15/2019,,
http://search.msboc.us/Detail.cfm?ContractorID=21415&ContractorType=Commercial&varDataSource=BOC,,,27716 HWY 310E,,COMO,MS,38619,662-526-2299,,18475-MC,,,A & J PLUMBING LLC,JONATHAN WADE ALDRIDGE,PANOLA,07/19/2010,12/17/2019,662-526-2297,
http://search.msboc.us/Detail.cfm?ContractorID=25522&ContractorType=Commercial&varDataSource=BOC,,,45 HARDY CT. CTR #297,,GULFPORT,MS,39507,228-224-4889,,21274-SC,,,A TO Z PLUMBING AND HVAC LLC,ROBERT THOMAS,HARRISON,08/05/2015,08/18/2019,,
http://search.msboc.us/Detail.cfm?ContractorID=15648&ContractorType=Commercial&varDataSource=BOC,,,195 BOHN STREET,,BILOXI,MS,39530,(228)432-8480,,02778-MC,,,"A. H. LANK PATTERSON CO., INC.",A.H. LANK PATTERSON/RANDALL PATTERSON,HARRISON,01/05/1971,10/26/2019,,
http://search.msboc.us/Detail.cfm?ContractorID=28302&ContractorType=Commercial&varDataSource=BOC,,,114 YARBOROUGH PLACE,,WAVELAND,MS,39576,228-493-0236,,22536-SC,,,"AC PLUMBING, LLC",COREY P. CHIASSON,HANCOCK,12/06/2017,01/05/2020,,
http://search.msboc.us/Detail.cfm?ContractorID=9404&ContractorType=Commercial&varDataSource=BOC,,,POST OFFICE BOX 6777,,D'IBERVILLE,MS,39540-6777,(228)396-5200,,07267-MC,,,"ACE CONTRACTORS, INC.",JAMES LIVELY,,04/07/1987,04/08/2020,(228)396-0710,
http://search.msboc.us/Detail.cfm?ContractorID=29964&ContractorType=Commercial&varDataSource=BOC,,,5385 COHAY DRIVE,,HORNLAKE,MS,38637,228-233-9080,,23000-SC,,,ACE PLUMBING SERVICES LLC,JACOB ADOLPH LEPRE,DESOTO,11/28/2018,11/28/2019,,
http://search.msboc.us/Detail.cfm?ContractorID=21737&ContractorType=Commercial&varDataSource=BOC,,,1204 IRIS ST.,,LONG BEACH,MS,39560,228-861-0177,,18559-SC,,,"ACE PLUMBING, LLC",MICHEAL BIEGEL,HARRISON,10/13/2010,06/04/2019,,
http://search.msboc.us/Detail.cfm?ContractorID=9433&ContractorType=Commercial&varDataSource=BOC,,,POST OFFICE BOX 724,,WINONA,MS,38967,662-283-4324,,03289-MC,,,"ACY MECHANICAL, LLC",BOBBY ACY,MONTGOMERY,01/02/1974,04/08/2020,662-283-1757,
http://search.msboc.us/Detail.cfm?ContractorID=9519&ContractorType=Commercial&varDataSource=BOC,,,P.O. BOX 727 1633 HWY 90,,GAUTIER,MS,39553,(228)497-6462,,05139-MC,,,"AIR MASTERS MECHANICAL, INCORPORATED",W.TY CRAWFORD/DANIEL TAYLOR/JUSTIN MOORE,JACKSON,01/06/1981,07/10/2020,228-205-06060,
http://search.msboc.us/Detail.cfm?ContractorID=23269&ContractorType=Commercial&varDataSource=BOC,,,28284 HWY 603,,PERKINSTON,MS,39573,228-255-5570,,19618-MC,,,"ALAMO MECHANICAL, LLC",KEITH LADNER,STONE,08/08/2012,07/10/2019,877-255-3123,
http://search.msboc.us/Detail.cfm?ContractorID=28810&ContractorType=Commercial&varDataSource=BOC,,,P.O. BOX 40617,,MEMPHIS,TN,38104,901-272-2507,,22831-SC,,,ALBERT COOK PLUMBING COMPANY,ROBERT COOK,,07/18/2018,07/18/2020,901-276-1632,
http://search.msboc.us/Detail.cfm?ContractorID=18889&ContractorType=Commercial&varDataSource=BOC,,,199 SULLIVAN KILRAIN RDD,,HATTIESBURG,MS,39402,601-583-2575,,15995-MC,,,"AMERICAN AIR SPECIALISTS OF MISSISSIPPI, INC.",HOWARD TUCKER JR.,LAMAR,03/06/2007,01/14/2020,601-544-7746,
http://search.msboc.us/Detail.cfm?ContractorID=28872&ContractorType=Commercial&varDataSource=BOC,,,693 N VARNELL RD.,,TUNNEL HILL,GA,30755,706-516-0048,,23053-SC,,,AMERICAN PLUMBING PROFESSIONALS INC.,ANDREW MILLER,,01/16/2019,01/16/2020,,
http://search.msboc.us/Detail.cfm?ContractorID=21082&ContractorType=Commercial&varDataSource=BOC,,,3752 GARDENVIEW RD,,PACE,FL,32571,850-994-8814,,18356-SC,,,"AMORE PLUMBING COMPANY, INC.",GARY JOHNSON,,05/10/2010,07/20/2019,850-995-4589,
http://search.msboc.us/Detail.cfm?ContractorID=23332&ContractorType=Commercial&varDataSource=BOC,,,965 RIDGE LAKE BLVD. STE. 201,,MEMPHIS,TN,38120,901-271-9838,,19668-MC,,,ARS ACQUISITION HOLDINGS LLC DBA CONWAY SERVICES,JOHN CONWAY,,09/19/2012,07/26/2019,901-271-9706,
http://search.msboc.us/Detail.cfm?ContractorID=23728&ContractorType=Commercial&varDataSource=BOC,,,403 L.F. PACKER DR.,,RULEVILLE,MS,39771,662-402-9873,,20049-MC,,,"B & B CONTRACTING MANAGEMENT SERVICES, INC",R.L. BRAND,WEBSTER,07/03/2013,08/08/2019,662-756-0516,
http://search.msboc.us/Detail.cfm?ContractorID=22005&ContractorType=Commercial&varDataSource=BOC,,,137 EXECUTIVE DR. STE. H,,MADISON,MS,39110,601-292-7799,,18717-MC,,,"BAILEY MECHANICAL, LLC",JAMES BAILEY,MADISON,12/30/2010,10/08/2019,601-292-7156,
http://search.msboc.us/Detail.cfm?ContractorID=16198&ContractorType=Commercial&varDataSource=BOC,,,POST OFFICE BOX 5428,,BRANDON,MS,39047,601-954-7814,,08798-SC,,,"BARRY RAY DBA B. RAY'S HVAC & PLBG, LLC",BARRY RAY,RANKIN,04/10/1991,11/20/2019,(662)289-3580,
http://search.msboc.us/Detail.cfm?ContractorID=22386&ContractorType=Commercial&varDataSource=BOC,,,1215 HYLAND AVE,,KAUKAUNA,WI,54130,920-759-2500,,19151-SC,,,BASSETT INC DBA,SCOTT MESHNICK,,10/05/2011,07/10/2019,920-759-2525,BASSETT MECHANICAL
http://search.msboc.us/Detail.cfm?ContractorID=25098&ContractorType=Commercial&varDataSource=BOC,,,ATTN: LEGAL DEPT 225 ROY STREET,,"ST-EUSTACHE, QUEBEC",-,J7R 5R5,450-472-0024,,21369-SC,,,"BATH FITTER TENNESSEE, INC.",SHANE FULMER,,09/30/2015,09/17/2019,450-472-1615,
http://search.msboc.us/Detail.cfm?ContractorID=28369&ContractorType=Commercial&varDataSource=BOC,,,P.O. BOX 16343,,MOBILE,AL,36616,251-610-0276,,22421-SC,,,BEASLEY PLUMBING & PIPING INC,GARY BEASLEY II,,09/27/2017,09/27/2019,251-380-6996,
http://search.msboc.us/Detail.cfm?ContractorID=15578&ContractorType=Commercial&varDataSource=BOC,,,565 PORT GIBSON STREET,,RAYMOND,MS,39154,(601)857-2105,,10683,,,"BILLY PAPE PLUMBING, INC.",WILLIAM C. PAPE/JOSEPH PAPE,HINDS,12/11/1996,10/08/2019,(601)857-2107,
http://search.msboc.us/Detail.cfm?ContractorID=21058&ContractorType=Commercial&varDataSource=BOC,,,2415 CEDAR DALE DR.,,GERMANTOWN,TN,38139,901-301-3280,,18163-SC,,,"BLAIR PLUMBING, LLC",FREDDY BLAIR,,01/25/2010,01/14/2020,901-759-1561,
http://search.msboc.us/Detail.cfm?ContractorID=24965&ContractorType=Commercial&varDataSource=BOC,,,P.O. BOX 1046,,PETAL,MS,39465,601-582-2336,,20997-SC,,,"BOWMAN HEATING AND AIR, INC.",ZACHARY BOWMAN,FORREST,02/18/2015,08/10/2019,601-583-6560,
http://search.msboc.us/Detail.cfm?ContractorID=22991&ContractorType=Commercial&varDataSource=BOC,,,7465 OAK DR. WEST,,THEODORE,AL,36582,251-973-2234,,19512-SC,,,BRIAN HARDEN PLUMBING INC,BRIAN HARDEN,,05/23/2012,04/17/2020,251-654-0970,
http://search.msboc.us/Detail.cfm?ContractorID=10469&ContractorType=Commercial&varDataSource=BOC,,,POST OFFICE BOX 9491,,MOBILE,AL,36691,(334)660-8374,,09032-MC,,,"BRIM CONSTRUCTION GROUP, INC.","ERNEST L. IMSAND, III",,01/08/1992,01/14/2020,(334)660-0023,
http://search.msboc.us/Detail.cfm?ContractorID=19479&ContractorType=Commercial&varDataSource=BOC,,,14405 CULLEN ST.,,BILOXI,MS,39532,228-875-5177,,16585-MC,,,"BROUSSARD PLUMBING, INC.",DANIEL MYERS,HARRISON,01/09/2008,01/14/2020,,
http://search.msboc.us/Detail.cfm?ContractorID=28596&ContractorType=Commercial&varDataSource=BOC,,,P.O. BOX 1009,,INDIANOLA,MS,38751,662-887-1146,,22534-MC,,,"BROWN & ASSOCIATES, INC.",R L BRAND,SUNFLOWER,12/06/2017,12/06/2019,662-887-1147,
http://search.msboc.us/Detail.cfm?ContractorID=10553&ContractorType=Commercial&varDataSource=BOC,,,1888 MAIN STREET STE. C-262,,MADISON,MS,39110,(601)898-8100,,05782-SC,,,"BUFKIN MECHANICAL, INC.",JESSE-RONNIE-SHIRLEY BUFKIN,MADISON,07/05/1983,10/22/2019,(601)898-8100,
http://search.msboc.us/Detail.cfm?ContractorID=10566&ContractorType=Commercial&varDataSource=BOC,,,2 ROSEWOOD DR.,,WILDER,KY,41076-,(859)781-9500,,15521-MC,,,"BUILDING CRAFTS, INC.",MARTIN ZALLA/ DAVID CLARK,,07/12/2006,07/08/2019,(859)781-9505,
http://search.msboc.us/Detail.cfm?ContractorID=24682&ContractorType=Commercial&varDataSource=BOC,,,544 STONE CREEK DR.,,HULL,GA,30646,706-425-2266,,20652-SC,,,C & S RESIDENTIAL & COMMERCIAL PLUMBING INC.,RANDY COLQUITT,,07/16/2014,07/16/2020,706-425-2270,
http://search.msboc.us/Detail.cfm?ContractorID=22776&ContractorType=Commercial&varDataSource=BOC,,,2811 8TH AVENUE,,CHATTANOOGA,TN,37407,423-622-2280,,19334-MC,,,"CALLAHAN MECHANICAL CONTRACTORS, INC",MAURICE WAYNE SMITH,,02/08/2012,01/14/2020,423-698-1446,
http://search.msboc.us/Detail.cfm?ContractorID=26869&ContractorType=Commercial&varDataSource=BOC,,,1603 KENSINGTON STREET,,OCEAN SPRINGS,MS,39564,228-424-4064,,22089-MC,,,CARR-HAMILTON RENOVATION SPECIALISTS LLC,THOMAS RECORE,JACKSON,02/15/2017,02/15/2020,228-447-4253,
http://search.msboc.us/Detail.cfm?ContractorID=13472&ContractorType=Commercial&varDataSource=BOC,,,"5650 DIXIE DR., STE. A",,PENSACOLA,FL,32503,(850)477-0388,,13813-SC,,,CASEY HYMAN PLUMBING INC.,LOUIS FARMER,,04/09/2003,05/09/2020,(850)477-0381,
http://search.msboc.us/Detail.cfm?ContractorID=26369&ContractorType=Commercial&varDataSource=BOC,,,1149 COUNTY RD. 442,,POPLAR BLUFF,MO,63901,573-785-7993,,21850-SC,,,"CHARLES EDWARD NORTON, II OF CE NORTON",CHARLES EDWARD NORTON II,,08/26/2016,08/26/2019,573-686-0198,"CONSTRUCTION AND PLUMBING, INC."
http://search.msboc.us/Detail.cfm?ContractorID=11353&ContractorType=Commercial&varDataSource=BOC,,,347 STEVENS STREET EAST,,COOKEVILLE,TN,38501-3541,(931)528-5514,,08677-SC,,,"CHC MECHANICAL CONTRACTORS, INC.",NEIL D. DUFFIELD,,01/02/1991,01/14/2020,(931)526-2408,
http://search.msboc.us/Detail.cfm?ContractorID=11011&ContractorType=Commercial&varDataSource=BOC,,,2502 COMMERCIAL PARK DR,,MOBILE,AL,36606,(334)471-2425,,07671-MC,,,CIMCO REFRIGERATION INC,DON RHODES,,04/05/1988,07/08/2019,(334)476-7337,
http://search.msboc.us/Detail.cfm?ContractorID=23232&ContractorType=Commercial&varDataSource=BOC,,,786 RIVER RD.,,FAYETTE,MS,39069,601-597-4808,,19717-MC,,,CLIFTON RANKIN CONSTRUCTION LLC,CLIFTON RANKIN,JEFFERSON,10/17/2012,01/04/2020,601-786-0100,
http://search.msboc.us/Detail.cfm?ContractorID=27989&ContractorType=Commercial&varDataSource=BOC,,,601 FOREST AVE,,LONG BEACH,MS,39560,228-223-4648,,22193-SC,,,"COAST CONSTRUCTION SERVICES, LLC",RONALD SMITH,HARRISON,04/19/2017,04/19/2020,,
http://search.msboc.us/Detail.cfm?ContractorID=12944&ContractorType=Commercial&varDataSource=BOC,,,3100 RICHARD ARRINGTON JR BLVD N,,BIRMINGHAM,AL,35203,205-664-0620,,11826-MC,,,"COMFORT SYSTEMS USA (MID SOUTH), INC.",TOM LAMPKIN/H.B. MITCHELL/CHARLES SMITH,,07/14/1999,05/02/2020,205-663-1312,
http://search.msboc.us/Detail.cfm?ContractorID=18598&ContractorType=Commercial&varDataSource=BOC,,,435 CORDAY ST.,,PENSACOLA,FL,32503,850-484-4999,,15704-SC,,,"COMFORT SYSTEMS USA (SOUTHEAST), INC.",RICKY LOCKETT,,10/11/2006,10/11/2019,850-484-4941,
http://search.msboc.us/Detail.cfm?ContractorID=11171&ContractorType=Commercial&varDataSource=BOC,,,3664 GUYTON ROAD,,HOOVER,AL,35244,(205)305-7252,,14697-MC,,,"COMMERCIAL CONSTRUCTION & MAINTENANCE, INC.",JAMES MCCOY,,04/13/2005,05/03/2020,(205)424-2379,
http://search.msboc.us/Detail.cfm?ContractorID=11279&ContractorType=Commercial&varDataSource=BOC,,,POST OFFICE BOX 987,,SEMMES,AL,36575,(251)645-4147,,11630-MC,,,"CONSTRUCTION LABOR SERVICES, INC.",DEBBIE BISHOP,,01/29/1997,01/14/2020,(251)645-6115,
http://search.msboc.us/Detail.cfm?ContractorID=29161&ContractorType=Commercial&varDataSource=BOC,,,5965 HWY 18W STE. 309,,JACKSON,MS,39209,769-216-3757,,22927-MC,,,CONSTRUCTION SPECIALISTS LLC,DARRELL MCQUIRTER,HINDS,10/03/2018,10/03/2019,769-243-8115,
http://search.msboc.us/Detail.cfm?ContractorID=19689&ContractorType=Commercial&varDataSource=BOC,,,40311 FLOWER FARM ROAD,,HAMILTON,MS,39746,662-251-5454,,16795-MC,,,"CONTINENTAL PLUMBING, INC.",JAMES WALTER/MIKE WALTERS,MONROE,04/09/2008,04/09/2020,,
http://search.msboc.us/Detail.cfm?ContractorID=11465&ContractorType=Commercial&varDataSource=BOC,,,6645 NAVY ROAD,,MILLINGTON,TN,38053,901-873-0410,,10732-SC,,,"CRENSHAW PLUMBING COMPANY, LLC",J.D. CRENSHAW,,01/23/1997,04/04/2020,901-290-0999,
http://search.msboc.us/Detail.cfm?ContractorID=11472&ContractorType=Commercial&varDataSource=BOC,,,1220 18TH STREET,,TUSCALOOSA,AL,35401,(205)759-1314,,06906-MC,,,"CRIMSON EAGLE, INC.",JASON RILEY,,04/01/1986,05/22/2020,(205)759-1494,
http://search.msboc.us/Detail.cfm?ContractorID=28018&ContractorType=Commercial&varDataSource=BOC,,,401 LOCUST COVE,,MADISON,MS,39110,601-940-0000,,22174-MC,,,"CURRY COMPANY, LLC",GREG CURRY,MADISON,04/05/2017,05/20/2020,601-856-6067,
http://search.msboc.us/Detail.cfm?ContractorID=26226&ContractorType=Commercial&varDataSource=BOC,,,P.O. BOX 2026,,GULFPORT,MS,39503,228-832-5600,,21835-SC,,,"DANNY MILLER PLUMBING, INC.",ADAM STEVEN MILLER,HARRISON,08/11/2016,08/11/2019,228-832-8005,
http://search.msboc.us/Detail.cfm?ContractorID=26370&ContractorType=Commercial&varDataSource=BOC,,,P.O. BOX 47 111 E. MILDRED ST.,,LOGANSPORT,IN,46947,574-753-3182,,21735-MC,,,"DILLING GROUP, INC.",GREGORY PARDUE,,06/08/2016,06/12/2020,574-753-7373,
http://search.msboc.us/Detail.cfm?ContractorID=27938&ContractorType=Commercial&varDataSource=BOC,,,35 PINE ST.,,HATTIESBURG,MS,39402,601-466-9211,,22163-MC,,,DISCOUNT SERVICES LLC,DARYL MOODY,LAMAR,04/05/2017,04/05/2020,,
http://search.msboc.us/Detail.cfm?ContractorID=21495&ContractorType=Commercial&varDataSource=BOC,,,6883 HWY 14,,BRIGHTON,TN,38011,901-475-1997,,18509-MC,,,"DRAINGO OF MISSISSIPPI,  .L.L.C.",MIKE JONES,,08/11/2010,07/08/2019,901-476-2246,
http://search.msboc.us/Detail.cfm?ContractorID=11921&ContractorType=Commercial&varDataSource=BOC,,,4165 BRUNSWICK RD.,,MEMPHIS,TN,38133,901-730-4799,,14023-MC,,,"DUNBAR MECHANICAL CONTRACTORS, L.L.C.",BILLY DUNBAR,,10/08/2003,02/20/2020,901-385-7989,
http://search.msboc.us/Detail.cfm?ContractorID=26293&ContractorType=Commercial&varDataSource=BOC,,,P.O. BOX 9,,TUPELO,MS,38802,662-841-8844,,21729-MC,,,"DYNASTY CONSTRUCTION, LLC",KENNETH MAYFIELD,LEE,06/01/2016,06/01/2019,662-680-3178,
http://search.msboc.us/Detail.cfm?ContractorID=18950&ContractorType=Commercial&varDataSource=BOC,,,10101 TUCKER ROAD,,OCEAN SPRINGS,MS,39565,228-396-1005,,16056-MC,,,E T SERVICES INC.,E. THOMAS RECORE,JACKSON,04/11/2007,08/27/2019,228-396-8733,
http://search.msboc.us/Detail.cfm?ContractorID=11984&ContractorType=Commercial&varDataSource=BOC,,,POST OFFICE BOX 6846,,GULFPORT,MS,39506,(228)896-2833,,06948-MC,,,"EAGLE MECHANICAL, INC.",MICHAEL DODSON,HARRISON,,05/29/2019,228-897-1865,
http://search.msboc.us/Detail.cfm?ContractorID=20202&ContractorType=Commercial&varDataSource=BOC,,,711 25TH ST.,,MCCOMB,MS,39648,601-551-2652,,17308-MC,,,EDDIE THOMPSON,EDDIE THOMPSON,PIKE,11/13/2008,10/12/2019,601-354-6353,
http://search.msboc.us/Detail.cfm?ContractorID=24444&ContractorType=Commercial&varDataSource=BOC,,,4360 DAWES LANE E,,MOBILE,AL,36619,251-665-0309,,20473-SC,,,ELLISON PLUMBING & PIPING INC,ALBERT SCHIMANSKI,,03/12/2014,03/17/2020,251-665-0370,
http://search.msboc.us/Detail.cfm?ContractorID=23291&ContractorType=Commercial&varDataSource=BOC,,,9109 AMELIA DR.,,ANDERSON,TX,77830,936-851-2120,,19777-SC,,,ENHANCED CONSTRUCTION INC,JAMES PUGH,,12/19/2012,10/08/2019,936-851-2122,
http://search.msboc.us/Detail.cfm?ContractorID=26444&ContractorType=Commercial&varDataSource=BOC,,,1580 MT. PLEASANT RD.,,HERNANDO,MS,38632,901-484-4164,,21765-MC,,,"EPM SERVICES, LLC",BILLY STANDLEY,DESOTO,07/06/2016,08/03/2019,,
http://search.msboc.us/Detail.cfm?ContractorID=13667&ContractorType=Commercial&varDataSource=BOC,,,P O BOX 1639,,JACKSON,MS,39215,(601)933-3166,,06809-MC,,,"ERGON CONSTRUCTION GROUP, INC",JIMMY LANGDON,HINDS,01/07/1986,11/01/2019,(601)939-7640,ISO Services/Alliant Construction/Ergon Maint Serv
http://search.msboc.us/Detail.cfm?ContractorID=29006&ContractorType=Commercial&varDataSource=BOC,,,804 COMBEL STREET,,WAVELAND,MS,39576,228-344-3158,,22842-SC,,,"EXPRESS SERVICE PLUMBING, LLC",JASON WEST,HANCOCK,07/25/2018,07/25/2019,,
http://search.msboc.us/Detail.cfm?ContractorID=28601&ContractorType=Commercial&varDataSource=BOC,,,70161 HWY 59 STE. B,,ABITA SPRINGS,LA,70420,985-893-6165,,22766-SC,,,"FARMER PLUMBING, LLC",DANIEL ROLFSON,,05/30/2018,05/30/2019,985-875-7984,
http://search.msboc.us/Detail.cfm?ContractorID=12544&ContractorType=Commercial&varDataSource=BOC,,,8608 ROSEMARK ROAD,,MILLINGTON,TN,38053,(901)829-3728,,14027-SC,,,"G & R BUILDING MAINTENANCE, LLC",RAY HALE,,10/08/2003,01/15/2020,(901)829-3304,
http://search.msboc.us/Detail.cfm?ContractorID=12590&ContractorType=Commercial&varDataSource=BOC,,,30 MILLER AVENUE,,JACKSON,TN,38305,(731)668-3339,,11452-MC,,,"GARRETT PLUMBING & HEATING CO., INC.",CHARLES GARRETT,,10/14/1998,10/10/2019,(731)664-5541,
http://search.msboc.us/Detail.cfm?ContractorID=26318&ContractorType=Commercial&varDataSource=BOC,,,6525 Guion Rd,,INIDIANAPOLIS,IN,46268,317-537-0993,,21689-SC,,,GEMCO CONSTRUCTORS LLC,BRAD KENDALL,,05/04/2016,05/09/2020,317-426-2716,
http://search.msboc.us/Detail.cfm?ContractorID=19109&ContractorType=Commercial&varDataSource=BOC,,,POST OFFICE BOX 267,,FOREST,MS,39074,601-469-4932,,16215-SC,,,GENERAL SERVICE COMPANY,JAMES MITCHELL,SCOTT,06/14/2007,04/08/2020,601-469-4931,
http://search.msboc.us/Detail.cfm?ContractorID=12769&ContractorType=Commercial&varDataSource=BOC,,,POST OFFICE BOX 370,,PARSONS,TN,38363,(731)847-6391,,07583-MC,,,"GRAVES AND GRAVES CONSTRUCTION COMPANY, INC.",JIMMY GILBERT/RALPH TUBBS,,01/05/1988,01/14/2020,(731)847-6114,
http://search.msboc.us/Detail.cfm?ContractorID=12830&ContractorType=Commercial&varDataSource=BOC,,,1100 FIFTH STREET NORTH,,VICKSBURG,MS,39183,(601)634-1928,,12208-SC,,,"GREY PLUMBING, INC.",GARY GREY,WARREN,04/12/2000,07/02/2019,(601)638-1807,
http://search.msboc.us/Detail.cfm?ContractorID=21136&ContractorType=Commercial&varDataSource=BOC,,,311 MAIN ST.,,BAY ST. LOUIS,MS,39520,228-344-8001,,18292-MC,,,"GULF COAST POOLS, LLC",JEFFREY A. HARDING,HANCOCK,04/14/2010,04/08/2020,228-344-3031,
http://search.msboc.us/Detail.cfm?ContractorID=21916&ContractorType=Commercial&varDataSource=BOC,,,P.O. BOX 3519,,COVINGTON,LA,70434,985-893-7473,,18686-SC,,,"GULF MECHANICAL CO., LLC",GUS HELMSTETTER JR,,12/01/2010,10/08/2019,985-893-0429,
http://search.msboc.us/Detail.cfm?ContractorID=12942&ContractorType=Commercial&varDataSource=BOC,,,121 EDWARDS DRIVE,,JACKSON,TN,38301,(731)422-5211,,08908-MC,,,"H + M INDUSTRIAL SERVICES, INC.",THOMAS MCCALMON,,07/10/1991,04/08/2020,(731)422-1349,
http://search.msboc.us/Detail.cfm?ContractorID=24576&ContractorType=Commercial&varDataSource=BOC,,,3630 NORTH PKWY,,CUMMING,GA,30040,404-480-4258,,20635-SC,,,HALLWAY PLUMBING LLC,CHARLES RHODES,,07/02/2014,07/02/2019,678-867-7327,
http://search.msboc.us/Detail.cfm?ContractorID=21688&ContractorType=Commercial&varDataSource=BOC,,,354 GREEN OAK LANE,,MADISON,MS,39110,601-720-8308,,18585-SC,,,"HARN, LLC",JOHN KELTY,MADISON,10/13/2010,11/07/2019,,
http://search.msboc.us/Detail.cfm?ContractorID=18968&ContractorType=Commercial&varDataSource=BOC,,,1689 LOOP ROAD,,TUSCUMBIA,AL,35674,256-320-3045,,16074-SC,,,HARRISON PLUMBING INC.,HAROLD HARRISON,,04/11/2007,10/09/2019,256-383-2382,
http://search.msboc.us/Detail.cfm?ContractorID=20711&ContractorType=Commercial&varDataSource=BOC,,,3311 COUNTY RD 47,,FLORENCE,AL,35630,256-766-9439,,17815-SC,,,"HEARN PLUMBING COMPANY, INC.",DARREN RHODES,,07/29/2009,08/10/2019,,
http://search.msboc.us/Detail.cfm?ContractorID=13266&ContractorType=Commercial&varDataSource=BOC,,,POST OFFICE BOX 3665,,JACKSON,MS,39207,601-624-9621,,12607-MC,,,HILLSIDE CONSTRUCTION/PLUMBING COMPANY,DAVID HUGHES,HINDS,01/10/2001,03/05/2020,601-859-4663,
http://search.msboc.us/Detail.cfm?ContractorID=13270&ContractorType=Commercial&varDataSource=BOC,,,300 BELL BOTTOM ROAD,,REDWOOD,MS,39156-9065,662-816-6759,,12211-SC,,,"HINSON PLUMBING CO., INC.",MELVIN HINSON,,04/12/2000,10/24/2019,601-619-9759,
http://search.msboc.us/Detail.cfm?ContractorID=26122&ContractorType=Commercial&varDataSource=BOC,,,9720B HWY 63,,MOSS POINT,MS,39562,228-218-6704,,21711-SC,,,"HJ NORRIS, LLC",HUEY WALKER,JACKSON,05/18/2016,05/18/2020,228-475-4348,
http://search.msboc.us/Detail.cfm?ContractorID=13290&ContractorType=Commercial&varDataSource=BOC,,,21204 DEERWOOD RD.,,KILN,MS,39556,228-669-5948,,05248-SC,,,"HOCKERT PLUMBING, INC.",RICHARD H. HOCKERT/RICHARD HOCKERT JR.,HANCOCK,07/07/1981,12/03/2019,,
http://search.msboc.us/Detail.cfm?ContractorID=13131&ContractorType=Commercial&varDataSource=BOC,,,POST OFFICE BOX 1028,,JACKSON,TN,38302,(731)664-3021,,07499-MC,,,"HOYT HAYES, JR. CONSTRUCTION, INC.","HOYT HAYES, JR",,10/06/1987,01/14/2020,(731)664-8138,
http://search.msboc.us/Detail.cfm?ContractorID=20289&ContractorType=Commercial&varDataSource=BOC,,,3001 HWY 77,,RUSSELLVILLE,AL,35654,256-332-0198,,17395-SC,,,"HOYT LANE & SON PLUMBING, INC.",JAMES RAINEY,,01/14/2009,01/14/2020,256-332-0178,
http://search.msboc.us/Detail.cfm?ContractorID=13420&ContractorType=Commercial&varDataSource=BOC,,,99 HUGHES DRIVE,,BYHALIA,MS,38611,(662)838-4242,,06930-SC,,,"HUGHES BROTHERS PLUMBING COMPANY, INC.",JIMMY HUGHES,MARSHALL,04/01/1986,08/08/2019,(662)838-4309,
http://search.msboc.us/Detail.cfm?ContractorID=20356&ContractorType=Commercial&varDataSource=BOC,,,635 SWEEDEN RD.,,RUSSELLVILLE,AR,72802,479-498-2001,,17462-MC,,,INDUSTRIAL POWER INC.,RONALD WHITETURKEY,,02/09/2009,02/01/2020,479-498-2197,
http://search.msboc.us/Detail.cfm?ContractorID=22555&ContractorType=Commercial&varDataSource=BOC,,,6275 UNIVERSITY DR. STE. 37-243,,HUNTSVILLE,AL,35806,256-682-3632,,19125-MC,,,INFORMATION SECURITY AND TRAINING LLC,CHRISTIAN ALBERT,,09/12/2007,08/20/2019,256-971-2227,
http://search.msboc.us/Detail.cfm?ContractorID=21616&ContractorType=Commercial&varDataSource=BOC,,,1138 WEEMS STREET,,PEARL,MS,39208,601-807-8588,,18725-MC,,,"INVISION CONSTRUCTION, LLC",JAMES MENG JR,RANKIN,01/05/2010,05/18/2020,,
http://search.msboc.us/Detail.cfm?ContractorID=13670&ContractorType=Commercial&varDataSource=BOC,,,POST OFFICE BOX 610,,KOSCIUSKO,MS,39090,662-289-3646,,13702-MC,,,"IVEY MECHANICAL COMPANY, LLC",B&A STEWART/C MORGAN/SUPCHURCH/STHOMPSON,ATTALA,01/08/2003,01/14/2020,662-289-3713,
http://search.msboc.us/Detail.cfm?ContractorID=13713&ContractorType=Commercial&varDataSource=BOC,,,214 CAMELLIA STREET,,WAVELAND,MS,39576-2041,(228)463-1261,,10514-MC,,,"J.E.M., L.L.C.",C ADAIR/Z ELKINS/J MARLOWE/K MONTI,,07/10/1996,07/13/2020,(228)466-6249,
http://search.msboc.us/Detail.cfm?ContractorID=19989&ContractorType=Commercial&varDataSource=BOC,,,POST OFFICE BOX 4298,,GREENVILLE,MS,38701,662-332-0420,,17095-MC,,,JACKSON HEATING & AIR CO. LLC,MALCOLM JACKSON,WASHINGTON,07/09/2008,07/24/2019,662-335-9752,
http://search.msboc.us/Detail.cfm?ContractorID=25053&ContractorType=Commercial&varDataSource=BOC,,,235 HICKORY AVE.,,HARAHAN,LA,70123,504-908-6688,,21067-SC,,,"JAMES T. BROUSSARD'S PLUMBING, LLC",JAMES BROUSSARD,,04/01/2015,05/11/2020,,
http://search.msboc.us/Detail.cfm?ContractorID=20838&ContractorType=Commercial&varDataSource=BOC,,,P.O. BOX 127,,CLEVELAND,MS,38732,662-846-2997,,17942-SC,,,"JBH PLUMBING, INC.",JASON HARRIS,BOLIVAR,10/14/2009,11/01/2019,,
http://search.msboc.us/Detail.cfm?ContractorID=22561&ContractorType=Commercial&varDataSource=BOC,,,220 GOODMAN RD EAST,,SOUTHAVEN,MS,38671,901-270-8544,,19115-MC,,,JIJI CONSTRUCTION LLC,MULRAJ VAGHELA,DESOTO,09/07/2011,07/10/2020,662-563-1237,
http://search.msboc.us/Detail.cfm?ContractorID=21920&ContractorType=Commercial&varDataSource=BOC,,,1535 MULBERRY,,TOMBALL,TX,77375,281-351-7932,,18732-SC,,,"JOHN LANGSTON PLUMBING, L.L.C.",JOHN LANGSTON,,01/07/2011,10/11/2019,281-516-0240,
http://search.msboc.us/Detail.cfm?ContractorID=13846&ContractorType=Commercial&varDataSource=BOC,,,6883 HIGHWAY 481 SOUTH,,MORTON,MS,39117,601-507-6206,,15225-MC,,,JOHNSON PLUMBING SERVICE,KENNETH JOHNSON,SCOTT,01/20/2006,01/14/2020,601-732-6286,
http://search.msboc.us/Detail.cfm?ContractorID=13906&ContractorType=Commercial&varDataSource=BOC,,,53 RIVERS DR,,HATTIESBURG,MS,39401,(601)583-6963,,07002-SC,,,"JORDAN BROTHERS PLUMBING, INC.",RAY JORDAN,FORREST,01/03/1984,01/14/2020,(601)583-6969,
http://search.msboc.us/Detail.cfm?ContractorID=18929&ContractorType=Commercial&varDataSource=BOC,,,1154 CR 144,,NEW ALBANY,MS,38652,662-538-8437,,16035-MC,,,"JORDAN PLUMBING & ELECTRICAL, LLC",JASON JORDAN,UNION,04/11/2007,08/27/2019,,
http://search.msboc.us/Detail.cfm?ContractorID=13913&ContractorType=Commercial&varDataSource=BOC,,,246 TURNER STREET,,WAYNESBORO,MS,39367,(601)735-4939,,06813-SC,,,JORDAN PLUMBING SERVICE,ROBERT JORDAN,WAYNE,01/07/1986,10/08/2019,(601)671-0222,
http://search.msboc.us/Detail.cfm?ContractorID=24698&ContractorType=Commercial&varDataSource=BOC,,,1009 BREEDEN PLACE,,BAY ST. LOUIS,MS,39520,228-216-2393,,20765-MC,,,K.C. MONTI LLC,KENNY MONTI,HANCOCK,09/24/2014,10/19/2019,,
http://search.msboc.us/Detail.cfm?ContractorID=19354&ContractorType=Commercial&varDataSource=BOC,,,ATTN : LICENSING DEPT 601 JEFFERSON STREET,,HOUSTON,TX,77002,713-753-8769,,16460-MC,,,KELLOGG BROWN & ROOT LLC,EVERETTE NANCE,,10/10/2007,10/08/2019,,
http://search.msboc.us/Detail.cfm?ContractorID=20628&ContractorType=Commercial&varDataSource=BOC,,,1179 ROBB ST. EXT. E.,,SUMMIT,MS,39666,601-810-0106,,17732-MC,,,KEN'S ELECTRICAL SERVICE,KENNETH TOBIAS,PIKE,07/08/2009,06/19/2019,601-276-3600,
http://search.msboc.us/Detail.cfm?ContractorID=19082&ContractorType=Commercial&varDataSource=BOC,,,1936 N. SHILOH DR.,,FAYETTEVILLE,AR,72704,479-756-1099,,16188-SC,,,"KIMBEL MECHANICAL SYSTEMS, INC.",DUSTIN HUGHES/DAVID KIMBEL,,05/11/2007,04/09/2020,479-756-6516,
http://search.msboc.us/Detail.cfm?ContractorID=14086&ContractorType=Commercial&varDataSource=BOC,,,POST OFFICE BOX 121,,FULTON,MS,38843,(662)862-9288,,06688-MC,,,"KLINE MECHANICAL SYSTEMS, INC.",THOMAS KLINE,ITAWAMBA,10/01/1985,10/08/2019,(662)862-7849,
http://search.msboc.us/Detail.cfm?ContractorID=14118&ContractorType=Commercial&varDataSource=BOC,,,1737 LOCHEARN RD.,,MEMPHIS,TN,38116,(901)332-1449,,08777-SC,,,"KRAG PLUMBING CO., INC.",BENNY W. KRAG,,04/10/1991,04/22/2020,(901)332-0514,
http://search.msboc.us/Detail.cfm?ContractorID=14244&ContractorType=Commercial&varDataSource=BOC,,,POST OFFICE BOX 3404,,TUPELO,MS,38803,(662)841-7718,,11706-SC,,,"LAUDERDALE MECHANICAL GROUP, INC.",MIKE DAVIS,LEE,04/14/1999,04/08/2020,(662)841-7780,
http://search.msboc.us/Detail.cfm?ContractorID=14255&ContractorType=Commercial&varDataSource=BOC,,,245 PRESTON STREET,,JACKSON,TN,38301,(731)423-0112,,05734-MC,,,"LAWRENCE, S. M. COMPANY, INC.","S. M. LAWRENCE, III",,04/05/1983,04/16/2020,(731)423-0572,
http://search.msboc.us/Detail.cfm?ContractorID=14274&ContractorType=Commercial&varDataSource=BOC,,,4057 RURAL PLAINS CIRCLE ATTN: LANA JOINER,,FRANKLIN,TN,37064,615-468-6770,,07411-MC,,,LEE COMPANY,TED L. LEE/ JONATHAN LOVE,,07/07/1987,01/14/2020,615-567-1027,
http://search.msboc.us/Detail.cfm?ContractorID=24286&ContractorType=Commercial&varDataSource=BOC,,,5281 BLACK BAYOU RD.,,LELAND,MS,38756,662-822-7035,,20412-SC,,,"LEE PLUMBING, INC.",WYLIE EDGAR LEE JR,WASHINGTON,01/30/2014,02/17/2020,662-686-7224,
http://search.msboc.us/Detail.cfm?ContractorID=14301&ContractorType=Commercial&varDataSource=BOC,,,POST OFFICE BOX 8014,,HOUMA,LA,70361-8014,(985)873-9627,,12906-MC,,,"LEVETT MECHANICAL CONTRACTORS, INC.",KENNETH LEVETT,,07/11/2001,07/10/2019,(985)872-2385,
http://search.msboc.us/Detail.cfm?ContractorID=20941&ContractorType=Commercial&varDataSource=BOC,,,15207 DUCKWORTH RD.,,GULFPORT,MS,39503,228-832-6708,,18045-MC,,,"LINDSAY MECHANICAL, INC.","ANSON LINDSAY, JR.",HARRISON,12/02/2009,02/14/2020,228-832-5381,
http://search.msboc.us/Detail.cfm?ContractorID=14408&ContractorType=Commercial&varDataSource=BOC,,,8111 WALNUT RUN STE. 208,,MEMPHIS,TN,38018,901-485-4478,,09540-MC,,,"LUBIN ENTERPRISE, INC.",BOBBY J. HANKINS,,10/13/1993,10/08/2019,901-685-6129,
http://search.msboc.us/Detail.cfm?ContractorID=20512&ContractorType=Commercial&varDataSource=BOC,,,434 CALHOUN ST.,,SALISBURY,NC,28144,704-636-5505,,17616-MC,,,"MAKSON, INC.",WILLIAM ELLER,,04/28/2009,01/14/2020,704-636-5504,
http://search.msboc.us/Detail.cfm?ContractorID=26249&ContractorType=Commercial&varDataSource=BOC,,,819 CENTRAL AVE,,JEFFERSON,LA,70121,985-218-4198,,21828-MC,,,MAXHOME L.L.C.,ROBERT HARRISON,,08/10/2016,08/10/2019,504-218-4208,
http://search.msboc.us/Detail.cfm?ContractorID=24511&ContractorType=Commercial&varDataSource=BOC,,,1510 TRUELIGHT RD.,,CHUNKY,MS,39323,601-655-8966,,20826-SC,,,"MAXWELL PLUMBING, LLC",TOMMY MAXWELL,NEWTON,10/22/2014,10/22/2019,601-655-8966,
http://search.msboc.us/Detail.cfm?ContractorID=21548&ContractorType=Commercial&varDataSource=BOC,,,213 N MAIN ST STE. A2,,PETAL,MS,39465,601-584-9240,,18394-MC,,,"MAYFIELD HEATING & AIR CONDITIONING CO., L.L.C.",PERRY MAYFIELD,FORREST,06/16/2010,04/08/2020,601-584-7742,
http://search.msboc.us/Detail.cfm?ContractorID=24150&ContractorType=Commercial&varDataSource=BOC,,,P.O. BOX 1758,,LOGANVILLE,GA,30052,404-557-6520,,20270-SC,,,"MCCART PLUMBING, INC.",JOHN DAVIS TYRE III,,10/30/2013,10/30/2019,770-466-1057,
http://search.msboc.us/Detail.cfm?ContractorID=14704&ContractorType=Commercial&varDataSource=BOC,,,1014 ROGERS STREET,,LAUREL,MS,39440,(601)428-5502,,00490-MC,,,"McCASKILL BROTHERS, INC",JOHN WESLEY MCCASKILL,JONES,01/01/1953,09/17/2019,(601)428-1515,
http://search.msboc.us/Detail.cfm?ContractorID=14784&ContractorType=Commercial&varDataSource=BOC,,,POST OFFICE BOX 604,,PHILADELPHIA,MS,39350,(601)656-6333,,03556-MC,,,"McLAIN PLUMBING & ELECTRICAL SERVICE, INC",JOHN PHILLIP MCLAIN,NESHOBA,04/01/1975,04/08/2020,(601)656-6351,
http://search.msboc.us/Detail.cfm?ContractorID=14837&ContractorType=Commercial&varDataSource=BOC,,,464 INDUSTRIAL PARKWAY,,WEST MONROE,LA,71291,(318)388-5801,,07509-MC,,,MECHANICAL SYSTEMS & SERVICE LLC,TERRY WARE,,10/06/1987,07/25/2019,(318)397-2761,
http://search.msboc.us/Detail.cfm?ContractorID=14900&ContractorType=Commercial&varDataSource=BOC,,,POST OFFICE BOX 368,,BOLTON,MS,39041,(601)866-9050,,09704-MC,,,"METRO MECHANICAL, INC.",BRYAN P. PHILLIPS,HINDS,04/13/1994,04/08/2020,(601)866-2299,
http://search.msboc.us/Detail.cfm?ContractorID=14901&ContractorType=Commercial&varDataSource=BOC,,,POST OFFICE BOX 7659,,JACKSON,MS,39284-7659,(601)371-2844,,10731-SC,,,"METRO PLUMBING, INC.",STEVE MOORE/JASON MOORE,,01/23/1997,05/16/2020,(601)371-2848,
http://search.msboc.us/Detail.cfm?ContractorID=26789&ContractorType=Commercial&varDataSource=BOC,,,11338 DOUBLEGATE LANE,,EADS,TN,38028,901-567-5659,,22036-SC,,,MID AMERICA PLUMBING LLC,CHRISTOPHER TAYLOR,,01/04/2017,01/04/2020,866-511-8521,
http://search.msboc.us/Detail.cfm?ContractorID=20847&ContractorType=Commercial&varDataSource=BOC,,,P.O. BOX 486,,CRYSTAL SPRINGS,MS,39059,601-573-0121,,17951-SC,,,"MID-STATE PLUMBING & HEATING, LLC",BRUCE MOSS,COPIAH,10/14/2009,10/16/2019,601-372-0377,
http://search.msboc.us/Detail.cfm?ContractorID=20236&ContractorType=Commercial&varDataSource=BOC,,,3254 MALLET RD. STE. C,,D'IBERVILLE,MS,39540,228-669-4663,,17342-MC,,,"MILLENNIUM CONSTRUCTION, LLC",CHRISTIAN ALBERT,HARRISON,01/14/2009,06/20/2019,866-396-3317,
http://search.msboc.us/Detail.cfm?ContractorID=20657&ContractorType=Commercial&varDataSource=BOC,,,8710 HWY 51 N.,,SOUTHAVEN,MS,38671,662-349-3547,,17761-SC,,,"MITCH WRIGHT PLUMBING, HEATING & AIR",MITCHELL WRIGHT,DESOTO,07/08/2009,07/08/2019,662-342-4042,
http://search.msboc.us/Detail.cfm?ContractorID=20630&ContractorType=Commercial&varDataSource=BOC,,,P.O. BOX 59727,,BIRMINGHAM,AL,35259,205-941-1205,,17734-SC,,,"MITCHELL MECHANICAL, LLC",HUGH B. MITCHELL III,,07/08/2009,07/08/2019,205-941-1325,
http://search.msboc.us/Detail.cfm?ContractorID=21149&ContractorType=Commercial&varDataSource=BOC,,,3233 ANTIOCH CHURCH RD.,,GOLDEN,MS,38847,662-660-2314,,18210-SC,,,MONROE PLUMBING,SCOTTY MONROE,TISHOMINGO,03/01/2010,01/14/2020,662-585-3122,
http://search.msboc.us/Detail.cfm?ContractorID=26471&ContractorType=Commercial&varDataSource=BOC,,,325 E. GE PATTERSON AVE,,MEMPHIS,TN,38126,901-527-4324,,21832-MC,,,"MTE, LLC",KELLY KING,,08/10/2016,08/21/2019,901-527-4325,
http://search.msboc.us/Detail.cfm?ContractorID=15219&ContractorType=Commercial&varDataSource=BOC,,,238 MOLLY WALTON DRIVE,,HENDERSONVILLE,TN,37075,615-826-7031,,13422-SC,,,"MUSIC CITY FIRE SPRINKLER, LLC",WILLIAM ARCHER,,07/10/2002,01/22/2020,(615)826-9680,
http://search.msboc.us/Detail.cfm?ContractorID=15256&ContractorType=Commercial&varDataSource=BOC,,,P.O. BOX 1222,,NATCHEZ,MS,39121,(601)442-5593,,08786-MC,,,"NATCHEZ HEATING & COOLING, INC",YATES MCGRAW,ADAMS,04/10/1991,04/08/2020,(601)442-5611,
http://search.msboc.us/Detail.cfm?ContractorID=20882&ContractorType=Commercial&varDataSource=BOC,,,P.O. BOX 1373,,CAMDEN,AL,36726,334-682-4770,,17986-SC,,,"NELSON PLUMBING CONTRACTORS, INC.",JOSEPH NELSON/CHARLES GRANTHAM,,10/14/2009,10/08/2019,334-682-9988,
http://search.msboc.us/Detail.cfm?ContractorID=20217&ContractorType=Commercial&varDataSource=BOC,,,P.O. BOX 459,,OLIVE BRANCH,MS,38654,901-301-0997,,17323-SC,,,"NORTH EASTERN PLUMBING, LLC",CHRISTOPHER LONG,DESOTO,12/01/2008,10/15/2019,662-895-7992,
http://search.msboc.us/Detail.cfm?ContractorID=15447&ContractorType=Commercial&varDataSource=BOC,,,6841 GADSDEN HWY,,TRUSSVILLE,AL,35173,(205)252-6961,,12226-MC,,,"OIL EQUIPMENT COMPANY, INC",JAMES PETERSON,,04/12/2000,11/05/2019,(205)252-9204,
http://search.msboc.us/Detail.cfm?ContractorID=15492&ContractorType=Commercial&varDataSource=BOC,,,3689 CHERRY RD,,MEMPHIS,TN,38118,901-547-2500,,13303-MC,,,"OSB SERVICES, LLC",MICHAEL OSBORNE JR.,,04/10/2002,10/25/2019,901-343-0607,
http://search.msboc.us/Detail.cfm?ContractorID=28284&ContractorType=Commercial&varDataSource=BOC,,,2150 S. TOWNE CENTRE PL STE. 100,,ANAHEIM,CA,92806,714-637-4747,,22368-MC,,,"OUTSIDE THE LINES, INC.",THOMAS REAL,,08/16/2017,08/16/2019,714-637-0707,
http://search.msboc.us/Detail.cfm?ContractorID=15512&ContractorType=Commercial&varDataSource=BOC,,,P.O. BOX 38683,,GERMANTOWN,TN,38183,(901)380-1171,,10610-SC,,,"OWENS IRRIGATION, INC.",WINSTON OWENS,,10/09/1996,10/11/2019,(901)380-9835,D/B/A OWENS CONSTRUCTION SERVICES
http://search.msboc.us/Detail.cfm?ContractorID=15661&ContractorType=Commercial&varDataSource=BOC,,,POST OFFICE BOX 19130,,SHREVEPORT,LA,71149,(318)686-4183,,10096-MC,,,"PAYNE COMPANY, THE",JAMES C. PAYNE,,04/12/1995,04/08/2020,(318)686-5819,
http://search.msboc.us/Detail.cfm?ContractorID=26235&ContractorType=Commercial&varDataSource=BOC,,,5800 OLD ROBINSON RD.,,LOUISVILLE,MS,39339-7453,662-773-3282,,21648-SC,,,PEARSON SERVICES INC.,DUSTIN PEARSON,,04/06/2016,04/06/2020,662-773-6197,
http://search.msboc.us/Detail.cfm?ContractorID=15686&ContractorType=Commercial&varDataSource=BOC,,,13625 RIVER RD,,LULING,LA,70070,(985)785-9997,,14174-SC,,,"PEDAL VALVES, INC.",ROBERT GILBERT,,01/14/2004,05/07/2020,(985)785-0082,
http://search.msboc.us/Detail.cfm?ContractorID=15725&ContractorType=Commercial&varDataSource=BOC,,,4474 HALLS MILL ROAD,,MOBILE,AL,36693,(251)660-0132,,15338-MC,,,"PERSONS SERVICE CO., .L.L.C.",RICHARD MCALEER,,03/16/2006,02/16/2020,(251)660-2084,
http://search.msboc.us/Detail.cfm?ContractorID=22241&ContractorType=Commercial&varDataSource=BOC,,,2190 POPPS FERRY RD,,BILOXI,MS,39532,228-669-4856,,19024-MC,,,PHOENIX CONSTRUCTION L.L.C.,JEFFREY KORN,HARRISON,07/13/2011,07/20/2019,,
http://search.msboc.us/Detail.cfm?ContractorID=26266&ContractorType=Commercial&varDataSource=BOC,,,6781 KILN-DE LISLE RD.,,PASS CHRISTIAN,MS,39571,228-596-2506,,22554-SC,,,PIPEDREAMS PLUMBING & MECHANICAL LLC,DEREK ROBINSON,HARRISON,12/20/2017,12/20/2019,,
http://search.msboc.us/Detail.cfm?ContractorID=26084&ContractorType=Commercial&varDataSource=BOC,,,25323 HERMAN LADNER RD.,,SAUCIER,MS,39574,228-831-9858,,21537-SC,,,PIPEMASTERS PLUMBING INC,ALTON LINDSAY III,HARRISON,01/27/2016,01/27/2020,,
http://search.msboc.us/Detail.cfm?ContractorID=22509&ContractorType=Commercial&varDataSource=BOC,,,1365 BROAD ST,,COLUMBIA,MS,39429,601-818-2839,,19248-SC,,,"PLUMB PRETTY, LLC",JEFF BLACKARD,MARION,12/07/2011,05/13/2020,,
http://search.msboc.us/Detail.cfm?ContractorID=28643&ContractorType=Commercial&varDataSource=BOC,,,1072 CR 179,,OKOLONA,MS,38860,662-321-0444,,22635-SC,,,PLUMB-IT LLC,CURTIS MARTIN,CHICKASAW,02/21/2018,04/18/2020,,
http://search.msboc.us/Detail.cfm?ContractorID=26722&ContractorType=Commercial&varDataSource=BOC,,,P.O. BOX 66722,,MOBILE,AL,36660,251-479-1527,,22029-SC,,,PLUMBING MASTERS INC,KEVIN MAURIN,,12/28/2016,04/09/2020,251-301-7779,
http://search.msboc.us/Detail.cfm?ContractorID=30245&ContractorType=Commercial&varDataSource=BOC,,,2605 DECATUR HIGHWAY,,GARDENDALE,AL,35071,205-631-4343,,23131-SC,,,"PLUMCORE, INC.",RANDY LATTA,,03/13/2019,03/13/2020,,
http://search.msboc.us/Detail.cfm?ContractorID=22705&ContractorType=Commercial&varDataSource=BOC,,,16175 LANDON RD STE. C,,GULFPORT,MS,39503,228-539-8087,,19217-SC,,,POUNDS PLUMBING INC.,DOUGLAS L POUNDS JR.,HARRISON,11/16/2011,10/08/2019,228-831-3782,
http://search.msboc.us/Detail.cfm?ContractorID=15909&ContractorType=Commercial&varDataSource=BOC,,,1609 HERITAGE COMMERCE COURT,,WAKE FOREST,NC,27587,919-453-2147,,15615-MC,,,"POWERSECURE, INC.",ANDREW MACARY,,07/17/2006,11/16/2019,919-453-1768,
http://search.msboc.us/Detail.cfm?ContractorID=15925&ContractorType=Commercial&varDataSource=BOC,,,16101 ALLIE BYRD RD.,,OCEAN SPRINGS,MS,39565,228-860-9331,,03008-MC,,,"PRECISION PIPING CONTRACTORS, INC.","ALVIN VALLO,SR.",JACKSON,07/05/1972,04/08/2020,,
http://search.msboc.us/Detail.cfm?ContractorID=30319&ContractorType=Commercial&varDataSource=BOC,,,3605 N STATE RTE 47 SUITE E,,MORRIS,IL,60450,815-942-7000,,23180-SC,,,"PROFESSIONAL METERS, INC.",JAMES ERIC WATTS,,04/10/2019,04/10/2020,,
http://search.msboc.us/Detail.cfm?ContractorID=19946&ContractorType=Commercial&varDataSource=BOC,,,P.O. BOX 306,,BYHALIA,MS,38611,662-497-6302,,17052-MC,,,PROGRESSIVE CONSTRUCTION OF THE MID SOUTH LLC,MICHAEL HUGHES,MARSHALL,07/09/2008,07/27/2019,662-233-4459,
http://search.msboc.us/Detail.cfm?ContractorID=16118&ContractorType=Commercial&varDataSource=BOC,,,160 PLEASANT HILL RD,,NESBIT,MS,38651,(662)429-2590,,12653-MC,,,"R & W HEATING AND AIR AND PLUMBING, INC.",RONNIE WILKERSON,DESOTO,01/10/2001,01/14/2020,(662)429-0543,
http://search.msboc.us/Detail.cfm?ContractorID=16119&ContractorType=Commercial&varDataSource=BOC,,,POST OFFICE BOX 417,,OKOLONA,MS,38860,(662)447-3213,,08089-SC,,,"R H PLUMBING, INC.",RICHARD R. HANLON,CHICKASAW,04/04/1989,04/10/2020,(662)447-3208,
http://search.msboc.us/Detail.cfm?ContractorID=29038&ContractorType=Commercial&varDataSource=BOC,,,840 CAMPBELLS CREEK RD,,MENDENHALL,MS,39114,601-303-0188,,22947-MC,,,RAM SERVICES LLC,ROBERT C. RAYBORN,SIMPSON,10/12/2018,10/12/2019,,
http://search.msboc.us/Detail.cfm?ContractorID=26159&ContractorType=Commercial&varDataSource=BOC,,,P.O. BOX 2307,,FAIRHOPE,AL,36533,251-533-0977,,21606-MC,,,RHODES MECHANICAL LLC,DON RHODES,,03/09/2016,06/29/2019,251-626-2673,
http://search.msboc.us/Detail.cfm?ContractorID=26595&ContractorType=Commercial&varDataSource=BOC,,,950 HWY 90,,WAVELAND,MS,39576,228-213-0361,,21936-SC,,,RICHARD J ROGERS PLUMBING LLC,RICHARD J ROGERS,HANCOCK,10/24/2016,06/01/2019,,
http://search.msboc.us/Detail.cfm?ContractorID=23792&ContractorType=Commercial&varDataSource=BOC,,,130 CHOCTAW CIRCLE,,VICKSBURG,MS,39180,601-638-9150,,20026-SC,,,RIVER CITY PLUMBING L.L.C.,DARREN BUSBY,WARREN,06/12/2013,06/08/2020,601-638-9150,
http://search.msboc.us/Detail.cfm?ContractorID=19948&ContractorType=Commercial&varDataSource=BOC,,,180 COMMERCIAL SQUARE,,SLIDELL,LA,70461,504-324-1810,,17054-MC,,,"RIVERVIEW CONSTRUCTION, LLC",WAYNE ERDMAN,,07/09/2008,07/12/2019,504-754-7709,
http://search.msboc.us/Detail.cfm?ContractorID=16376&ContractorType=Commercial&varDataSource=BOC,,,3153 BELLWOOD DRIVE,,BIRMINGHAM,AL,35243,(205)968-0991,,13232-SC,,,"RJ MECHANICAL, INC.",DAVID EAGAN,,02/26/2002,02/22/2020,(205)968-3424,
http://search.msboc.us/Detail.cfm?ContractorID=23196&ContractorType=Commercial&varDataSource=BOC,,,P.O. BOX 1338,,FLORENCE,MS,39073,601-845-0211,,19761-MC,,,"ROBERTS MECHANICAL SERVICES, LLC",CHARLES ROBERTS,RANKIN,12/05/2012,10/08/2019,601-845-0227,
http://search.msboc.us/Detail.cfm?ContractorID=28128&ContractorType=Commercial&varDataSource=BOC,,,167 LIBERTY RD,,VILLA RICA,GA,30180,770-456-6204,,22241-SC,,,"ROGERS MECHANICAL CONTRACTORS, INC.",DUSTIN ROGERS,,05/17/2017,05/17/2020,770-456-6208,
http://search.msboc.us/Detail.cfm?ContractorID=22907&ContractorType=Commercial&varDataSource=BOC,,,1138 WEEMS ST.,,PEARL,MS,39208,601-807-8588,,19370-MC,,,"ROSETTA CONSTRUCTION SERVICES, LLC",JAMES MENG JR,RANKIN,02/22/2012,06/08/2019,,
http://search.msboc.us/Detail.cfm?ContractorID=13749&ContractorType=Commercial&varDataSource=BOC,,,1506 BEESON DRIVE NE,,BROOKHAVEN,MS,39601,(601)833-4790,,13817-SC,,,"ROSS JACKSON PLUMBING, INC.",ROBBIE JACKSON,LINCOLN,04/09/2003,05/21/2020,(601)835-2851,
http://search.msboc.us/Detail.cfm?ContractorID=16512&ContractorType=Commercial&varDataSource=BOC,,,3728 CHERRY ROAD,,MEMPHIS,TN,38118,(901)360-9224,,09907-MC,,,"RUSHING PLUMBING COMPANY, INC.",JAMIE RUSHING,,10/12/1994,08/27/2019,(901)360-8340,
http://search.msboc.us/Detail.cfm?ContractorID=24638&ContractorType=Commercial&varDataSource=BOC,,,P.O. BOX 1758,,WEST MONROE,LA,71292,318-387-9625,,20761-SC,,,"SERVICE FIRST, INC.",FLOYD MITCHELL,,09/17/2014,09/17/2019,318325-1144,
http://search.msboc.us/Detail.cfm?ContractorID=21371&ContractorType=Commercial&varDataSource=BOC,,,144 WOODSTONE DR.,,HATTIESBURG,MS,39402,601-606-8472,,18278-SC,,,"SERVICE-ALL REPAIR SERVICE, LLC",JAMES WALSWORTH,LAMAR,04/15/2010,05/08/2020,,
http://search.msboc.us/Detail.cfm?ContractorID=22593&ContractorType=Commercial&varDataSource=BOC,,,4394 CR 456,,MERIDIAN,MS,39301,601-917-4366,,19137-SC,,,"SINGLEY PLUMBING, LLC",PAUL SINGLEY,LAUDERDALE,09/21/2011,07/14/2019,,
http://search.msboc.us/Detail.cfm?ContractorID=23576&ContractorType=Commercial&varDataSource=BOC,,,22766 AL HWY 9N,,PIEDMONT,AL,36272,256-447-0600,,20260-SC,,,"SMITH PLUMBING SERVICES, INC.",CHARLES SMITH,,10/23/2013,02/09/2020,256-447-0142,
http://search.msboc.us/Detail.cfm?ContractorID=26495&ContractorType=Commercial&varDataSource=BOC,,,29665 W.K. SMITH DR. STE. A,,NEW HUDSON,MI,48185-8581,248-486-1600,,21895-SC,,,"SOLOMON PLUMBING, CO.",KEVIN MAIDA,,09/28/2016,09/28/2019,248-486-6200,
http://search.msboc.us/Detail.cfm?ContractorID=17021&ContractorType=Commercial&varDataSource=BOC,,,1873 WEST QUITMAN,,IUKA,MS,38852,(662)423-1516,,05127-MC,,,"SOUTHERN AIR COMFORT, INC.",MATTHEW BECK,TISHOMINGO,01/06/1981,01/14/2020,(662)423-1384,
http://search.msboc.us/Detail.cfm?ContractorID=26507&ContractorType=Commercial&varDataSource=BOC,,,2203 TARANCE LANE,,FLORENCE,MS,39073,601-906-8462,,21935-SC,,,SOUTHERN BOY'S CONSTRUCTION INC,CURTIS CARROLL JR,RANKIN,10/19/2016,10/19/2019,,
http://search.msboc.us/Detail.cfm?ContractorID=17028&ContractorType=Commercial&varDataSource=BOC,,,429 MELTON SMITH ROAD,,POPLARVILLE,MS,39470,(601)795-2254,,03668-MC,,,"SOUTHERN BUILDING ENTERPRISES, INC.",Michael Kirkland/ Kyle M. Kirkland,PEARL RIVER,07/01/1975,07/10/2019,(601)795-2630,
http://search.msboc.us/Detail.cfm?ContractorID=17077&ContractorType=Commercial&varDataSource=BOC,,,3516 MAYFAIR AVENUE,,MEMPHIS,TN,38122,(901)458-0474,,14435-SC,,,SOUTHERN PLUMBING CO.,JIM A. JENKINS,,07/27/2004,10/19/2019,(901)458-0502,
http://search.msboc.us/Detail.cfm?ContractorID=23491&ContractorType=Commercial&varDataSource=BOC,,,11876 OLD HWY 67,,BILOXI,MS,39532,228-396-9791,,20057-SC,,,STRAYHAM PLUMBING LLC,ANDREW STRAYHAM,HARRISON,07/03/2013,07/08/2019,228-396-9791,
http://search.msboc.us/Detail.cfm?ContractorID=24691&ContractorType=Commercial&varDataSource=BOC,,,14 E. FRANKLIN ST,,NATCHEZ,MS,39120,601-446-6333,,20661-SC,,,"STUBBS NK PLUMBING, L.L.C.",DANNY ALEXANDER,ADAMS,07/16/2014,07/18/2019,601-446-5060,
http://search.msboc.us/Detail.cfm?ContractorID=26836&ContractorType=Commercial&varDataSource=BOC,,,205 MOSLEY DRIVE,,LYNN HAVEN,FL,32444,850-441-3458,,22497-MC,,,"SYSTEM SERVICE & ENGINEERING, LLC",BRUCE KUHNEL,,11/15/2017,01/09/2020,850-441-3459,
http://search.msboc.us/Detail.cfm?ContractorID=21440&ContractorType=Commercial&varDataSource=BOC,,,P.O. BOX 264,,MAGNOLIA,MS,39652,601-783-0089,,18463-MC,,,"TAMRON, LLC",RONALD ROBINSON,PIKE,07/14/2010,07/09/2019,,
http://search.msboc.us/Detail.cfm?ContractorID=20865&ContractorType=Commercial&varDataSource=BOC,,,1690 BLUEGRASS LAKES PKWY,,ALPHARETTA,GA,30004,770-475-5552,,17969-SC,,,TEBARCO MECHANICAL CORPORATION,TERRELL BARDEN,,10/14/2009,10/08/2019,770-619-9515,
http://search.msboc.us/Detail.cfm?ContractorID=25338&ContractorType=Commercial&varDataSource=BOC,,,P.O. BOX 1266,,MERIDIAN,MS,39301,601-482-8529,,21153-MC,,,"THE SERVICE COMPANY OF MISSISSIPPI,  LLC",CHAD VAUGHN,LAUDERDALE,05/20/2015,07/03/2019,601-482-5668,
http://search.msboc.us/Detail.cfm?ContractorID=20911&ContractorType=Commercial&varDataSource=BOC,,,855 W. WILLSON ST.,,NIOTA,TN,37826,423-568-2134,,18015-MC,,,"THOMAS BUILDERS, INC.",DARRELL THOMAS,,11/04/2009,10/16/2019,423-568-2137,
http://search.msboc.us/Detail.cfm?ContractorID=17650&ContractorType=Commercial&varDataSource=BOC,,,POST OFFICE BOX 1447,,WASHINGTON,MS,39190,(601)442-3135,,15608-MC,,,"THORPE SHEET METAL, INC.",RUSSELL TRENT CUNNINGHAM,ADAMS,07/12/2006,08/01/2019,(601)442-8759,
http://search.msboc.us/Detail.cfm?ContractorID=25304&ContractorType=Commercial&varDataSource=BOC,,,540 SHADOW VIEW DR. EAST,,HERNANDO,MS,38632,901-230-0087,,21325-SC,,,THREE D CONSTRUCTION LLC,DAVID D DODSON,DESOTO,08/26/2015,02/13/2020,,
http://search.msboc.us/Detail.cfm?ContractorID=13293&ContractorType=Commercial&varDataSource=BOC,,,3853 HWY 61 NORTH,,CLEVELAND,MS,38732,(662)719-6291,,12475-MC,,,TIMBO'S CONSTRUCTION INC.,BRIAN KENDALL,BOLIVAR,10/05/2000,04/13/2020,888-629-2975,
http://search.msboc.us/Detail.cfm?ContractorID=29148&ContractorType=Commercial&varDataSource=BOC,,,3853 HWY 61 NORTH,,CLEVELAND,MS,38732,662-843-4740,,22919-MC,,,"TIMBO'S PLUMBING, INC.",BRIAN KENDALL,BOLIVAR,09/26/2018,09/26/2019,888-629-2975,
http://search.msboc.us/Detail.cfm?ContractorID=24320&ContractorType=Commercial&varDataSource=BOC,,,501 EAST NORTH ST.,,PASS CHRISTIAN,MS,39571,228-343-3113,,20693-MC,,,TONY VU DBA VU GENERAL CONTRACTORS,TONY VU,HARRISON,08/06/2014,08/06/2019,,
http://search.msboc.us/Detail.cfm?ContractorID=19074&ContractorType=Commercial&varDataSource=BOC,,,100 BLACK MAN BLVD. WEST,,WARTRACE,TN,37183,931-813-3050,,16180-SC,,,"TRI STAR PLUMBING, LLC",MICHAEL PUGH,,05/08/2007,10/08/2019,931-813-3065,
http://search.msboc.us/Detail.cfm?ContractorID=17799&ContractorType=Commercial&varDataSource=BOC,,,2005 NONCONNAH BOULEVARD SUITE 31,,MEMPHIS,TN,38132,(901)332-0096,,10364-SC,,,"TRI-STATE PLUMBING, HEATING & AIR CONDITIONING","NINTIN SHAH,II",,01/10/1996,01/14/2020,901-332-3696,"CONTRACTORS,  INC."
http://search.msboc.us/Detail.cfm?ContractorID=26349&ContractorType=Commercial&varDataSource=BOC,,,193 TABERNACLE RD.,,COLUMBUS,MS,39702,662-328-0662,,21955-SC,,,TRIANGLE INSULATION & ACOUSTIC INC,DALE NELSON,LOWNDES,11/09/2016,11/09/2019,662-327-3797,
http://search.msboc.us/Detail.cfm?ContractorID=17846&ContractorType=Commercial&varDataSource=BOC,,,715 COUNTRY ROAD 160,,COILA,MS,38923,(662)237-4728,,09059-SC,,,TUCKER PLUMBING COMPANY,EDWARD D. TUCKER,CARROLL,01/08/1992,02/19/2020,(662)237-4728,
http://search.msboc.us/Detail.cfm?ContractorID=17940&ContractorType=Commercial&varDataSource=BOC,,,1929 MIDWAY STREET,,JACKSON,MS,39204,(601)373-4717,,08014-MC,,,UNITED PLUMBING & HEATING COMPANY,"MAURICE THOMAS,  JR./GREG CURRY",HINDS,01/03/1989,01/18/2020,(601)373-3460,
http://search.msboc.us/Detail.cfm?ContractorID=19228&ContractorType=Commercial&varDataSource=BOC,,,1241 HWY 63 N,,LEAKESVILLE,MS,39451,601-394-4510,,16334-MC,,,"UNIVERSAL SERVICES, LLC",RYAN DOBBINS,GREENE,07/11/2007,05/13/2020,601-394-2424,
http://search.msboc.us/Detail.cfm?ContractorID=27995&ContractorType=Commercial&varDataSource=BOC,,,6923 PASADENA R.,,HORN LAKE,MS,38637,901-362-7363,,22326-MC,,,"UPCHURCH INDUSTRIAL, LLC",DAVID/MICHAEL/ROBERT UPCHURCH,DESOTO,07/12/2017,07/12/2019,,
http://search.msboc.us/Detail.cfm?ContractorID=17968&ContractorType=Commercial&varDataSource=BOC,,,POST OFFICE BOX 8106,,GREENWOOD,MS,38935,(662)453-6860,,02682-MC,,,"UPCHURCH PLUMBING, INC.","R.,M.&D. UPCHURCH/RICK MITCHIE JR.",LEFLORE,07/07/1970,10/12/2019,(662)453-6201,
http://search.msboc.us/Detail.cfm?ContractorID=28507&ContractorType=Commercial&varDataSource=BOC,,,7555 INDUSTRIAL CT,,ALPHARETTA,GA,30004,770-569-2222,,22468-SC,,,"US SOUTH PLUMBING, INC.",MARTIN KESTERSON,,10/25/2017,10/25/2019,770-569-2007,
http://search.msboc.us/Detail.cfm?ContractorID=18056&ContractorType=Commercial&varDataSource=BOC,,,20845 HWY 145 EAST 1,,LOUISVILLE,MS,39339,(662)773-3289,,09478-SC,,,"VERNON PLUMBING CONTRACTORS, INC.",TERRY VERNON,WINSTON,07/14/1993,07/23/2019,,
http://search.msboc.us/Detail.cfm?ContractorID=30052&ContractorType=Commercial&varDataSource=BOC,,,7492 BEATLINE RD,,LONG BEACH,MS,39560,228-343-3113,,23036-MC,,,"VGC, LLC",TONY HOA VU,HARRISON,12/26/2018,12/26/2019,,
http://search.msboc.us/Detail.cfm?ContractorID=18067&ContractorType=Commercial&varDataSource=BOC,,,580 SIMMONS DRIVE,,TRUSSVILLE,AL,35173,(205)655-7813,,10934-SC,,,"VICTORY PLUMBING AND PIPEFITTING, INC.",GEORGE MERCHANT,,07/09/1997,04/08/2020,(205)655-7814,
http://search.msboc.us/Detail.cfm?ContractorID=18083&ContractorType=Commercial&varDataSource=BOC,,,1603 SCHOOL STREET,,HILLSBORO,IL,62049,(217)532-6639,,14195-MC,,,"VOGEL PLUMBING, INC.",RICHARD VOGEL,,01/14/2004,01/14/2020,(217)532-6132,
http://search.msboc.us/Detail.cfm?ContractorID=20385&ContractorType=Commercial&varDataSource=BOC,,,P.O. BOX 11400,,LEXINGTON,KY,40575,859-248-4916,,17491-SC,,,"WALSH INDUSTRIAL PIPING, LLC",JOHN WALSH,,03/03/2009,01/14/2020,859-625-1500,
http://search.msboc.us/Detail.cfm?ContractorID=24661&ContractorType=Commercial&varDataSource=BOC,,,3784 E. SPYGLASS HILL DR.,,FAYETTEVILLE,AR,72701,479-684-1807,,20764-SC,,,WARDEN CONTRACTING INCORPORATED,STEVE WARDEN,,09/17/2014,09/28/2019,479-442-0426,
http://search.msboc.us/Detail.cfm?ContractorID=18193&ContractorType=Commercial&varDataSource=BOC,,,1389 IVY AVENUE,,LOUISVILLE,MS,39339,(662)773-2337,,11284-MC,,,"WARNER CONSTRUCTION CO. OF MS., LLC",JASON WARNER,WINSTON,05/19/1998,04/10/2020,(662)773-8644,
http://search.msboc.us/Detail.cfm?ContractorID=15313&ContractorType=Commercial&varDataSource=BOC,,,3889 ROBERTSON RD,,NESBIT,MS,38651,(901)332-5670,,05412-MC,,,WCN CONTRACTORS,WILLIE NELSON,DESOTO,01/05/1982,12/15/2019,(901)332-5680,
http://search.msboc.us/Detail.cfm?ContractorID=18241&ContractorType=Commercial&varDataSource=BOC,,,POST OFFICE BOX 2411,,GULFPORT,MS,39505,(228)864-1261,,03388-MC,,,"WEAVER, RAY C. MECHANICAL CONTRACTORS, INC.",RAY C. WEAVER/ JAMES WEAVER,HARRISON,07/02/1974,07/08/2019,(228)868-6803,
http://search.msboc.us/Detail.cfm?ContractorID=18327&ContractorType=Commercial&varDataSource=BOC,,,3639 NEW GETWELL STE. 6,,MEMPHIS,TN,38118,901-375-0076,,11753-SC,,,"WHEELIS MECHANICAL COMPANY, LLC",CHARLES R. WHEELIS,,04/14/1999,06/23/2019,901-375-0831,
http://search.msboc.us/Detail.cfm?ContractorID=18332&ContractorType=Commercial&varDataSource=BOC,,,2065 FLETCHER CREEK DRIVE,,MEMPHIS,TN,38133,(901)362-5000,,04205-MC,,,"WHITE PLUMBING & MECHANICAL CONTRACTORS, INC.",DON E. WHITE,,04/05/1977,01/14/2020,(901)362-5048,
http://search.msboc.us/Detail.cfm?ContractorID=18426&ContractorType=Commercial&varDataSource=BOC,,,55 CR 8361,,RIENZI,MS,38865,(662)728-7295,,05683-SC,,,WILLIAM M. WIMBERLY DBA BILL'S BACKHOE SERVICE,William M. Wimberley,ALCORN,01/04/1983,01/14/2020,(662)720-9956,
http://search.msboc.us/Detail.cfm?ContractorID=30098&ContractorType=Commercial&varDataSource=BOC,,,100 CRESCENT CENTRE PKWY STE. 1240,,TUCKER,GA,30084,770-879-4566,,23079-MC,,,"WILLIAMS INDUSTRIAL SERVICES, LLC",JAMES MAHONEY JR,,02/06/2019,02/06/2020,877-679-6849,
http://search.msboc.us/Detail.cfm?ContractorID=20659&ContractorType=Commercial&varDataSource=BOC,,,100  CRESCENT CENTRE PKWY STE. 1240,,TUCKER,GA,30084,770-879-4165,,17763-MC,,,"WILLIAMS PLANT SERVICES, LLC",JAMES MAHONEY,,07/09/2009,09/12/2019,866-430-0918,
http://search.msboc.us/Detail.cfm?ContractorID=22161&ContractorType=Commercial&varDataSource=BOC,,,100 CRESCENT CENTRE PKWY STE. 1240,,TUCKER,GA,30084,770-879-4042,,19038-MC,,,"WILLIAMS SPECIALTY SERVICES, LLC",JAMES MAHONEY,,07/20/2011,07/21/2019,855-373-7141,
